-- THAI THIEN 1351040
 CREATE DATABASE  Airplane_1351040
go

use Airplane_1351040
go

CREATE TABLE EMPLOYEE
(
	EmployeeID char(4) PRIMARY KEY,
	FullName nvarchar(50),
	Address nvarchar(50),
	Phone char(7),
	Salary int,
	EType char(1),
)

CREATE TABLE PLANETYPE
(
	TypeID nvarchar(20) PRIMARY KEY,
	Manufacturer nvarchar(20),
)


CREATE TABLE PLANE
(
	PCode int ,
	PType nvarchar(20),
	PRIMARY KEY (PCode, PType)
)



CREATE TABLE RESERVATION
(	
	CID char(4),
	Fdate date,
	FID char(3),
	PRIMARY KEY(CID, Fdate, FID)
)



CREATE TABLE FLIGHT
(	
	FlightID char(3) PRIMARY KEY,
	Departure char(3),
	Arrival char(3),
	DepTime time,
	ArrTime time,
)

CREATE TABLE SCHEDULE
(
	Fdate date,
	FID char(3),
	PCode int,
	PType nvarchar(20),
	PRIMARY KEY (FDate, FID)
)



CREATE TABLE ALLOCATION
(
	EID char(4),
	Fdate date,
	FID char(3),
	PRIMARY KEY (EID,Fdate,FID)
)




CREATE TABLE ABILITY
(
	EID char(4),
	PType nvarchar(20),
	PRIMARY KEY(EID,PType)
)

CREATE TABLE CUSTOMER
(
	CID char(4) PRIMARY KEY,
	FullName nvarchar(50),
	Address nvarchar(200),
	Phone char(7)
)

ALTER TABLE PLANE
ADD CONSTRAINT fk_PLANE_PType
FOREIGN KEY (PType)
REFERENCES PLANETYPE(TypeID)

ALTER TABLE SCHEDULE
ADD CONSTRAINT fk_SCHEDULE_FID
FOREIGN KEY (FID)
REFERENCES FLIGHT(FlightID)

ALTER TABLE SCHEDULE
ADD CONSTRAINT fk_SCHEDULE_Pcode
FOREIGN KEY (PCode,PType)
REFERENCES PLANE(PCode,PType)

ALTER TABLE ALLOCATION
ADD CONSTRAINT fk_ALLOCATION_EID
FOREIGN KEY (EID)
REFERENCES EMPLOYEE(EmployeeID)

ALTER TABLE ALLOCATION
ADD CONSTRAINT fk_ALLOCATION_FDate_FID
FOREIGN KEY (FDate,FID)
REFERENCES SCHEDULE(FDate,FID)

ALTER TABLE ABILITY
ADD CONSTRAINT fk_ABILITY_EID
FOREIGN KEY (EID)
REFERENCES EMPLOYEE(EmployeeID)

ALTER TABLE ABILITY
ADD CONSTRAINT fk_ABILITY_PType
FOREIGN KEY (PType)
REFERENCES PLANETYPE(TypeID)

ALTER TABLE RESERVATION
ADD CONSTRAINT fk_RESERVATION_FDate_FID
FOREIGN KEY (FDate,FID)
REFERENCES SCHEDULE(FDate,FID)

ALTER TABLE RESERVATION
ADD CONSTRAINT fk_RESERVATION_CID
FOREIGN KEY (CID)
REFERENCES CUSTOMER(CID)

------------------------------INSERT ---------------

--------INSERT EMPLOYEE ------------------------------

INSERT INTO EMPLOYEE([EmployeeID],[FullName],[Address],[Phone],[Salary],[EType])
VALUES ('1001','Huong','8 Dien Bien Phu','8330733',500000,'1');

INSERT INTO EMPLOYEE([EmployeeID],[FullName],[Address],[Phone],[Salary],[EType])
VALUES ('1002','Phong','1 Ly Thuong Kiet','8308117',450000,'1');

INSERT INTO EMPLOYEE([EmployeeID],[FullName],[Address],[Phone],[Salary],[EType])
VALUES ('1003','Quang',' 78 Truong Dinh','8324461',350000,'1');

INSERT INTO EMPLOYEE([EmployeeID],[FullName],[Address],[Phone],[Salary],[EType])
VALUES ('1004','Phuong','351 Lac Long Quan','8308155',250000,'0');

INSERT INTO EMPLOYEE([EmployeeID],[FullName],[Address],[Phone],[Salary],[EType])
VALUES ('1005','Giao','65 Nguyen Thai Son','8324467',500000,'0');

INSERT INTO EMPLOYEE([EmployeeID],[FullName],[Address],[Phone],[Salary],[EType])
VALUES ('1006','Chi','12/6 Nguyen Kiem','8120012',150000,'0');

INSERT INTO EMPLOYEE([EmployeeID],[FullName],[Address],[Phone],[Salary],[EType])
VALUES ('1007','Tam','36 Nguyen Van Cu','8458188',500000,'0');

------INSERT PLANETYPE 
INSERT INTO PLANETYPE([TypeID],[Manufacturer])
VALUES ('A310','Airbus')
INSERT INTO PLANETYPE([TypeID],[Manufacturer])
VALUES ('A320','Airbus')
INSERT INTO PLANETYPE([TypeID],[Manufacturer])
VALUES ('A330','Airbus')
INSERT INTO PLANETYPE([TypeID],[Manufacturer])
VALUES ('A340','Airbus')

INSERT INTO PLANETYPE([TypeID],[Manufacturer])
VALUES ('B727','Boeing')
INSERT INTO PLANETYPE([TypeID],[Manufacturer])
VALUES ('B747','Boeing')
INSERT INTO PLANETYPE([TypeID],[Manufacturer])
VALUES ('B757','Boeing')

INSERT INTO PLANETYPE([TypeID],[Manufacturer])
VALUES ('DC10','MD')
INSERT INTO PLANETYPE([TypeID],[Manufacturer])
VALUES ('DC9','MD')

--INSERT ABILITY 
INSERT INTO ABILITY([EID],[PType])
VALUES ('1001','B727')
INSERT INTO ABILITY([EID],[PType])
VALUES ('1001','B747')
INSERT INTO ABILITY([EID],[PType])
VALUES ('1001','DC10')
INSERT INTO ABILITY([EID],[PType])
VALUES ('1002','A320')
INSERT INTO ABILITY([EID],[PType])
VALUES ('1002','A340')
INSERT INTO ABILITY([EID],[PType])
VALUES ('1002','B757')
INSERT INTO ABILITY([EID],[PType])
VALUES ('1002','DC9')
INSERT INTO ABILITY([EID],[PType])
VALUES ('1003','A310')
INSERT INTO ABILITY([EID],[PType])
VALUES ('1003','DC9')

---INSERT PLANE
INSERT INTO PLANE([PCode],[PType])
VALUES ('10','B747')
INSERT INTO PLANE([PCode],[PType])
VALUES ('11','B727')
INSERT INTO PLANE([PCode],[PType])
VALUES ('13','B727')
INSERT INTO PLANE([PCode],[PType])
VALUES ('13','B747')
INSERT INTO PLANE([PCode],[PType])
VALUES ('21','DC10')
INSERT INTO PLANE([PCode],[PType])
VALUES ('21','DC9')
INSERT INTO PLANE([PCode],[PType])
VALUES ('22','B757')
INSERT INTO PLANE([PCode],[PType])
VALUES ('22','DC9')
INSERT INTO PLANE([PCode],[PType])
VALUES ('23','DC9')
INSERT INTO PLANE([PCode],[PType])
VALUES ('24','DC9')
INSERT INTO PLANE([PCode],[PType])
VALUES ('70','A310')
INSERT INTO PLANE([PCode],[PType])
VALUES ('80','A310')
INSERT INTO PLANE([PCode],[PType])
VALUES ('93','B757')

--INSERT FLIGHT
INSERT INTO FLIGHT([FlightID],[Departure],[Arrival],[DepTime],[ArrTime])
VALUES ('100','SLC','BOS','08:00','17:50')

INSERT INTO FLIGHT([FlightID],[Departure],[Arrival],[DepTime],[ArrTime])
VALUES ('112','DCA','DEN','14:00','18:07')

INSERT INTO FLIGHT([FlightID],[Departure],[Arrival],[DepTime],[ArrTime])
VALUES ('121','STL','SLC','07:00','09:13')

INSERT INTO FLIGHT([FlightID],[Departure],[Arrival],[DepTime],[ArrTime])
VALUES ('122','STL','YYV','08:30','10:19')

INSERT INTO FLIGHT([FlightID],[Departure],[Arrival],[DepTime],[ArrTime])
VALUES ('206','DFW','STL','09:00','11:40')

INSERT INTO FLIGHT([FlightID],[Departure],[Arrival],[DepTime],[ArrTime])
VALUES ('330','JFK','YYV','16:00','18:53')

INSERT INTO FLIGHT([FlightID],[Departure],[Arrival],[DepTime],[ArrTime])
VALUES ('334','ORD','MIA','12:00','14:14')

INSERT INTO FLIGHT([FlightID],[Departure],[Arrival],[DepTime],[ArrTime])
VALUES ('335','MIA','ORD','15:00','17:14')

INSERT INTO FLIGHT([FlightID],[Departure],[Arrival],[DepTime],[ArrTime])
VALUES ('336','ORD','MIA','18:00','20:14')

INSERT INTO FLIGHT([FlightID],[Departure],[Arrival],[DepTime],[ArrTime])
VALUES ('337','MIA','ORD','20:30','23:53')

INSERT INTO FLIGHT([FlightID],[Departure],[Arrival],[DepTime],[ArrTime])
VALUES ('394','DFW','MIA','19:00','21:30')

INSERT INTO FLIGHT([FlightID],[Departure],[Arrival],[DepTime],[ArrTime])
VALUES ('395','MIA','DFW','21:00','23:43')

INSERT INTO FLIGHT([FlightID],[Departure],[Arrival],[DepTime],[ArrTime])
VALUES ('449','CDG','DEN','10:00','19:29')

INSERT INTO FLIGHT([FlightID],[Departure],[Arrival],[DepTime],[ArrTime])
VALUES ('930','YYV','DCA','13:00','16:10')

INSERT INTO FLIGHT([FlightID],[Departure],[Arrival],[DepTime],[ArrTime])
VALUES ('931','DCA','YYV','17:00','18:10')

INSERT INTO FLIGHT([FlightID],[Departure],[Arrival],[DepTime],[ArrTime])
VALUES ('932','DCA','YYV','18:00','19:10')

INSERT INTO FLIGHT([FlightID],[Departure],[Arrival],[DepTime],[ArrTime])
VALUES ('991','BOS','ORD','17:00','18:22')

--INSERT CUSTOMER
INSERT INTO CUSTOMER([CID],[FullName],[Address],[Phone])
VALUES ('0009','Nga','223 Nguyen Trai','8932320')
INSERT INTO CUSTOMER([CID],[FullName],[Address],[Phone])
VALUES ('0012','Ha','435 Quang Trung','8933232')
INSERT INTO CUSTOMER([CID],[FullName],[Address],[Phone])
VALUES ('0045','Thu','285 Le Loi','8932203')
INSERT INTO CUSTOMER([CID],[FullName],[Address],[Phone])
VALUES ('0091','Hai','345 Hung Vuong','8893223')

INSERT INTO CUSTOMER([CID],[FullName],[Address],[Phone])
VALUES ('0101','Anh','567 Tran Phu','8826729')
INSERT INTO CUSTOMER([CID],[FullName],[Address],[Phone])
VALUES ('0238','Hung','456 Pasteur','9812101')
INSERT INTO CUSTOMER([CID],[FullName],[Address],[Phone])
VALUES ('0314','Phuong','395 Vo Van Tan ','8232320')
INSERT INTO CUSTOMER([CID],[FullName],[Address],[Phone])
VALUES ('0397','Thanh','234 Le Van Si','8952943')
INSERT INTO CUSTOMER([CID],[FullName],[Address],[Phone])
VALUES ('0422','Tien','75 Nguyen Thong','8332222')
INSERT INTO CUSTOMER([CID],[FullName],[Address])
VALUES ('0582','Mai','789 Nguyen Du')
INSERT INTO CUSTOMER([CID],[FullName],[Address],[Phone])
VALUES ('0586','Son','123 Bach Dang','8556223')
INSERT INTO CUSTOMER([CID],[FullName],[Address],[Phone])
VALUES ('0613','Vu','348 CMT8','8343232')
INSERT INTO CUSTOMER([CID],[FullName],[Address])
VALUES ('0934','Minh','678 Le Lai')

--INSERT SCHEDULE 
INSERT INTO SCHEDULE([Fdate],[FID],[PCode],[PType])
VALUES ('10/31/2012','100',11,'B727')
INSERT INTO SCHEDULE([Fdate],[FID],[PCode],[PType])
VALUES ('10/31/2012','112',11,'B727')
INSERT INTO SCHEDULE([Fdate],[FID],[PCode],[PType])
VALUES ('10/31/2012','206',13,'B727')
INSERT INTO SCHEDULE([Fdate],[FID],[PCode],[PType])
VALUES ('10/31/2012','334',10,'B747')
INSERT INTO SCHEDULE([Fdate],[FID],[PCode],[PType])
VALUES ('10/31/2012','335',10,'B747')
INSERT INTO SCHEDULE([Fdate],[FID],[PCode],[PType])
VALUES ('10/31/2012','337',24,'DC9')
INSERT INTO SCHEDULE([Fdate],[FID],[PCode],[PType])
VALUES ('10/31/2012','449',70,'A310')
INSERT INTO SCHEDULE([Fdate],[FID],[PCode],[PType])
VALUES ('11/01/2012','100',80,'A310')
INSERT INTO SCHEDULE([Fdate],[FID],[PCode],[PType])
VALUES ('11/01/2012','112',21,'DC10')
INSERT INTO SCHEDULE([Fdate],[FID],[PCode],[PType])
VALUES ('11/01/2012','206',22,'DC9')
INSERT INTO SCHEDULE([Fdate],[FID],[PCode],[PType])
VALUES ('11/01/2012','334',10,'B747')
INSERT INTO SCHEDULE([Fdate],[FID],[PCode],[PType])
VALUES ('11/01/2012','337',10,'B747')
INSERT INTO SCHEDULE([Fdate],[FID],[PCode],[PType])
VALUES ('11/01/2012','395',23,'DC9')
INSERT INTO SCHEDULE([Fdate],[FID],[PCode],[PType])
VALUES ('11/01/2012','991',22,'B757')

--INSERT RESERVATION
INSERT INTO RESERVATION ([CID],[Fdate],[FID])
VALUES ('0009','10/31/2012','449')
INSERT INTO RESERVATION ([CID],[Fdate],[FID])
VALUES ('0009','11/01/2012','100')
INSERT INTO RESERVATION ([CID],[Fdate],[FID])
VALUES ('0012','10/31/2012','206')
INSERT INTO RESERVATION ([CID],[Fdate],[FID])
VALUES ('0045','11/01/2012','991')
INSERT INTO RESERVATION ([CID],[Fdate],[FID])
VALUES ('0091','11/01/2012','100')
INSERT INTO RESERVATION ([CID],[Fdate],[FID])
VALUES ('0238','10/31/2012','334')
INSERT INTO RESERVATION ([CID],[Fdate],[FID])
VALUES ('0314','10/31/2012','449')
INSERT INTO RESERVATION ([CID],[Fdate],[FID])
VALUES ('0422','10/31/2012','449')
INSERT INTO RESERVATION ([CID],[Fdate],[FID])
VALUES ('0582','11/01/2012','991')
INSERT INTO RESERVATION ([CID],[Fdate],[FID])
VALUES ('0586','10/31/2012','100')
INSERT INTO RESERVATION ([CID],[Fdate],[FID])
VALUES ('0586','11/01/2012','991')
INSERT INTO RESERVATION ([CID],[Fdate],[FID])
VALUES ('0613','11/01/2012','100')

--INSERT ALLOCATION
INSERT INTO ALLOCATION([EID],[Fdate],[FID])
VALUES ('1001','10/31/2012','100')
INSERT INTO ALLOCATION([EID],[Fdate],[FID])
VALUES ('1001','11/01/2012','100')
INSERT INTO ALLOCATION([EID],[Fdate],[FID])
VALUES ('1002','10/31/2012','100')
INSERT INTO ALLOCATION([EID],[Fdate],[FID])
VALUES ('1002','11/01/2012','100')
INSERT INTO ALLOCATION([EID],[Fdate],[FID])
VALUES ('1003','10/31/2012','100')
INSERT INTO ALLOCATION([EID],[Fdate],[FID])
VALUES ('1003','10/31/2012','337')
INSERT INTO ALLOCATION([EID],[Fdate],[FID])
VALUES ('1004','10/31/2012','100')
INSERT INTO ALLOCATION([EID],[Fdate],[FID])
VALUES ('1004','10/31/2012','337')
INSERT INTO ALLOCATION([EID],[Fdate],[FID])
VALUES ('1005','10/31/2012','337')
INSERT INTO ALLOCATION([EID],[Fdate],[FID])
VALUES ('1006','10/31/2012','337')
INSERT INTO ALLOCATION([EID],[Fdate],[FID])
VALUES ('1006','11/01/2012','991')
INSERT INTO ALLOCATION([EID],[Fdate],[FID])
VALUES ('1007','10/31/2012','206')
INSERT INTO ALLOCATION([EID],[Fdate],[FID])
VALUES ('1007','11/01/2012','112')
INSERT INTO ALLOCATION([EID],[Fdate],[FID])
VALUES ('1007','11/01/2012','991')